p_name,sport,brand,quantity,price_id,p_availability,state_stock,color,gender,category,size
PANTALON JOGGING ADIDAS FITNESS 3 STRIPES NOIR,"PILATES, SOFT GYMNASTIC",ADIDAS,53,978,web_only,available,black,man,horseriding pants,XS
PANTALON JOGGING ADIDAS FITNESS 3 STRIPES NOIR,"PILATES, SOFT GYMNASTIC",ADIDAS,0,1079,store_only,sold_out,black,man,pants,S
PANTALON JOGGING ADIDAS FITNESS 3 STRIPES NOIR,"PILATES, SOFT GYMNASTIC",ADIDAS,22,1107,all,available,black,man,pants,M
PANTALON JOGGING ADIDAS FITNESS 3 STRIPES NOIR,"PILATES, SOFT GYMNASTIC",ADIDAS,0,1201,all,sold_out,black,man,pants,L
PANTALON JOGGING ADIDAS FITNESS 3 STRIPES NOIR,"PILATES, SOFT GYMNASTIC",ADIDAS,0,591,all,ordered,black,man,pants,XL
PANTALON JOGGING ADIDAS FITNESS 3 STRIPES NOIR,"PILATES, SOFT GYMNASTIC",ADIDAS,44,868,all,available,black,man,pants,XXL
SHORT CARGO DE TREK VOYAGE TRAVEL 100 ,TREKKING,FORCLAZ,0,746,all,sold_out,grey,man,Short,XS
SHORT CARGO DE TREK VOYAGE TRAVEL 100 ,TREKKING,FORCLAZ,94,1033,store_only,available,grey,man,Short,S
SHORT CARGO DE TREK VOYAGE TRAVEL 100 ,TREKKING,FORCLAZ,0,718,all,sold_out,grey,man,Short,M
,,,,,,,,,,
,,,,,,,,,,
,,,,,,,,,,
,,,,,,,,,,
SHORT CARGO DE TREK VOYAGE TRAVEL 100 ,TREKKING,FORCLAZ,42,872,all,available,grey,man,Short,L
SHORT CARGO DE TREK VOYAGE TRAVEL 100 ,TREKKING,FORCLAZ,95,929,all,available,grey,man,Short,XL
SHORT CARGO DE TREK VOYAGE TRAVEL 100 ,TREKKING,FORCLAZ,29,579,all,available,grey,man,Short,XXL
MAILLOT VÉLO ROUTE RACER ULTRALIGHT TEAM,ROAD CYCLING,VAN RYSEL,38,1193,all,available,white,man,short t-shirt,XS
MAILLOT VÉLO ROUTE RACER ULTRALIGHT TEAM,ROAD CYCLING,VAN RYSEL,83,1175,all,available,white,man,short t-shirt,S
MAILLOT VÉLO ROUTE RACER ULTRALIGHT TEAM,ROAD CYCLING,VAN RYSEL,0,736,store_only,ordered,white,man,short t-shirt,M
MAILLOT VÉLO ROUTE RACER ULTRALIGHT TEAM,ROAD CYCLING,VAN RYSEL,18,798,all,available,white,man,short t-shirt,L
MAILLOT VÉLO ROUTE RACER ULTRALIGHT TEAM,ROAD CYCLING,VAN RYSEL,54,768,all,available,white,man,short t-shirt,XL
MAILLOT VÉLO ROUTE RACER ULTRALIGHT TEAM,ROAD CYCLING,VAN RYSEL,73,1124,all,available,white,man,short t-shirt,XXL
SWEAT DE RUNNING UNISEXE RESPIRANT KALENJI UTILITY NOIR,JOGGING,KALENJI,83,449,all,available,black,man,Sweat-shirt,XS
SWEAT DE RUNNING UNISEXE RESPIRANT KALENJI UTILITY NOIR,JOGGING,KALENJI,0,832,all,ordered,black,man,Sweat-shirt,S
SWEAT DE RUNNING UNISEXE RESPIRANT KALENJI UTILITY NOIR,JOGGING,KALENJI,18,603,all,available,black,man,Sweat-shirt,M
SWEAT DE RUNNING UNISEXE RESPIRANT KALENJI UTILITY NOIR,JOGGING,KALENJI,64,877,store_only,available,black,man,Sweat-shirt,L
SWEAT DE RUNNING UNISEXE RESPIRANT KALENJI UTILITY NOIR,JOGGING,KALENJI,4,1122,all,available,black,man,Sweat-shirt,XL
SWEAT DE RUNNING UNISEXE RESPIRANT KALENJI UTILITY NOIR,JOGGING,KALENJI,0,610,all,ordered,black,man,Sweat-shirt,XXL
SOUSVÊTEMENT HAUT KEEPDRY 100 MANCHES LONGUES FOOTBALL,SOCCER,KIPSTA,52,494,store_only,available,black,man,compression shirt,XS
SOUSVÊTEMENT HAUT KEEPDRY 100 MANCHES LONGUES FOOTBALL,SOCCER,KIPSTA,23,729,all,available,black,man,compression shirt,S
SOUSVÊTEMENT HAUT KEEPDRY 100 MANCHES LONGUES FOOTBALL,SOCCER,KIPSTA,72,1027,store_only,available,black,man,compression shirt,M
SOUSVÊTEMENT HAUT KEEPDRY 100 MANCHES LONGUES FOOTBALL,SOCCER,KIPSTA,86,911,all,available,black,man,compression shirt,L
SOUSVÊTEMENT HAUT KEEPDRY 100 MANCHES LONGUES FOOTBALL,SOCCER,KIPSTA,0,544,all,ordered,black,man,compression shirt,XL
SOUSVÊTEMENT HAUT KEEPDRY 100 MANCHES LONGUES FOOTBALL,SOCCER,KIPSTA,79,1185,all,available,black,man,compression shirt,XXL
,,,,,,,,,,
,,,,,,,,,,
,,,,,,,,,,
,,,,,,,,,,
,,,,,,,,,,
VESTE 3EN1 TREKKING VOYAGE TRAVEL 100 ,TREKKING,FORCLAZ,0,1153,all,ordered,grey,man,jacket,XS
VESTE 3EN1 TREKKING VOYAGE TRAVEL 100 ,TREKKING,FORCLAZ,0,1138,all,ordered,grey,man,jacket,S
VESTE 3EN1 TREKKING VOYAGE TRAVEL 100 ,TREKKING,FORCLAZ,12,1194,all,available,grey,man,jacket,M
VESTE 3EN1 TREKKING VOYAGE TRAVEL 100 ,TREKKING,FORCLAZ,0,540,all,sold_out,grey,man,jacket,L
VESTE 3EN1 TREKKING VOYAGE TRAVEL 100 ,TREKKING,FORCLAZ,16,927,store_only,available,grey,man,jacket,XL
VESTE 3EN1 TREKKING VOYAGE TRAVEL 100 ,TREKKING,FORCLAZ,63,630,all,available,grey,man,jacket,XXL
MAILLOT MANCHES COURTES VÉLO ROUTE VAN RYSEL RACER,ROAD CYCLING,VAN RYSEL,33,423,all,available,black,man,short t-shirt,XS
MAILLOT MANCHES COURTES VÉLO ROUTE VAN RYSEL RACER,ROAD CYCLING,VAN RYSEL,0,619,all,sold_out,black,man,short t-shirt,S
MAILLOT MANCHES COURTES VÉLO ROUTE VAN RYSEL RACER,ROAD CYCLING,VAN RYSEL,1,1105,all,available,black,man,short t-shirt,M
MAILLOT MANCHES COURTES VÉLO ROUTE VAN RYSEL RACER,ROAD CYCLING,VAN RYSEL,29,608,all,available,black,man,short t-shirt,L
MAILLOT MANCHES COURTES VÉLO ROUTE VAN RYSEL RACER,ROAD CYCLING,VAN RYSEL,35,1199,all,available,black,man,short t-shirt,XL
MAILLOT MANCHES COURTES VÉLO ROUTE VAN RYSEL RACER,ROAD CYCLING,VAN RYSEL,0,794,all,sold_out,black,man,short t-shirt,XXL
MAILLOT VELO ROUTE MANCHES LONGUES RACER,ROAD CYCLING,VAN RYSEL,44,864,all,available,black,man,short t-shirt,XS
MAILLOT VELO ROUTE MANCHES LONGUES RACER,ROAD CYCLING,VAN RYSEL,0,497,store_only,ordered,black,man,short t-shirt,S
MAILLOT VELO ROUTE MANCHES LONGUES RACER,ROAD CYCLING,VAN RYSEL,63,1132,all,available,black,man,short t-shirt,M
MAILLOT VELO ROUTE MANCHES LONGUES RACER,ROAD CYCLING,VAN RYSEL,76,1141,all,available,black,man,short t-shirt,L
MAILLOT VELO ROUTE MANCHES LONGUES RACER,ROAD CYCLING,VAN RYSEL,41,485,all,available,black,man,short t-shirt,XL
MAILLOT VELO ROUTE MANCHES LONGUES RACER,ROAD CYCLING,VAN RYSEL,1,572,all,available,black,man,short t-shirt,XXL
VESTE POLAIRE DE RANDONNÉE MONTAGNE MH900 ,HIKING,QUECHUA,0,677,all,sold_out,blue,man,fleece,XS
VESTE POLAIRE DE RANDONNÉE MONTAGNE MH900 ,HIKING,QUECHUA,73,425,all,available,blue,man,fleece,S
VESTE POLAIRE DE RANDONNÉE MONTAGNE MH900 ,HIKING,QUECHUA,44,741,store_only,available,blue,man,fleece,M
VESTE POLAIRE DE RANDONNÉE MONTAGNE MH900 ,HIKING,QUECHUA,58,742,store_only,available,blue,man,fleece,L
VESTE POLAIRE DE RANDONNÉE MONTAGNE MH900 ,HIKING,QUECHUA,20,556,all,available,blue,man,fleece,XL
VESTE POLAIRE DE RANDONNÉE MONTAGNE MH900 ,HIKING,QUECHUA,71,688,all,available,blue,man,fleece,XXL
SHORT DE GOLF MW500,GOLF,INESIS,28,444,all,available,blue,man,Short,XS
SHORT DE GOLF MW500,GOLF,INESIS,68,947,all,available,blue,man,Short,S
SHORT DE GOLF MW500,GOLF,INESIS,0,1127,all,ordered,blue,man,Short,M
SHORT DE GOLF MW500,GOLF,INESIS,49,572,all,available,blue,man,Short,L
SHORT DE GOLF MW500,GOLF,INESIS,6,527,all,available,blue,man,Short,XL
SHORT DE GOLF MW500,GOLF,INESIS,0,797,all,sold_out,blue,man,Short,XXL
SHORT DE RUNNING RESPIRANT KALENJI DRY +,JOGGING,KALENJI,0,479,store_only,sold_out,black,man,Short,XS
SHORT DE RUNNING RESPIRANT KALENJI DRY +,JOGGING,KALENJI,0,553,all,sold_out,black,man,Short,S
SHORT DE RUNNING RESPIRANT KALENJI DRY +,JOGGING,KALENJI,7,987,all,available,black,man,Short,M
SHORT DE RUNNING RESPIRANT KALENJI DRY +,JOGGING,KALENJI,29,564,all,available,black,man,Short,L
SHORT DE RUNNING RESPIRANT KALENJI DRY +,JOGGING,KALENJI,71,753,all,available,black,man,Short,XL
SHORT DE RUNNING RESPIRANT KALENJI DRY +,JOGGING,KALENJI,22,817,all,available,black,man,Short,XXL
,,,,,,,,,,
,,,,,,,,,,
,,,,,,,,,,
TEE SHIRT RANDONNÉE NATURE NH500 MARINE ,HIKING,QUECHUA,47,838,all,available,grey,man,short t-shirt,XS
TEE SHIRT RANDONNÉE NATURE NH500 MARINE ,HIKING,QUECHUA,50,721,all,available,grey,man,short t-shirt,S
TEE SHIRT RANDONNÉE NATURE NH500 MARINE ,HIKING,QUECHUA,0,504,all,sold_out,grey,man,short t-shirt,M
TEE SHIRT RANDONNÉE NATURE NH500 MARINE ,HIKING,QUECHUA,32,495,all,available,grey,man,short t-shirt,L
TEE SHIRT RANDONNÉE NATURE NH500 MARINE ,HIKING,QUECHUA,55,1036,all,available,grey,man,short t-shirt,XL
TEE SHIRT RANDONNÉE NATURE NH500 MARINE ,HIKING,QUECHUA,2,756,all,available,grey,man,short t-shirt,XXL
POLO DE GOLF MANCHES COURTES MW500,GOLF,INESIS,96,1028,all,available,navy,man,short polo,XS
POLO DE GOLF MANCHES COURTES MW500,GOLF,INESIS,64,960,all,available,navy,man,short polo,S
POLO DE GOLF MANCHES COURTES MW500,GOLF,INESIS,69,785,all,available,navy,man,short polo,M
POLO DE GOLF MANCHES COURTES MW500,GOLF,INESIS,10,446,all,available,navy,man,short polo,L
POLO DE GOLF MANCHES COURTES MW500,GOLF,INESIS,0,698,all,sold_out,navy,man,short polo,XL
POLO DE GOLF MANCHES COURTES MW500,GOLF,INESIS,84,806,all,available,navy,man,short polo,XXL
SHORT VTT ST 900 NOIR ,MOUNTAIN BIKE,ROCKRIDER,94,863,all,available,black,man,bike short,XS
SHORT VTT ST 900 NOIR ,MOUNTAIN BIKE,ROCKRIDER,26,780,all,available,black,man,bike short,S
SHORT VTT ST 900 NOIR ,MOUNTAIN BIKE,ROCKRIDER,96,946,all,available,black,man,bike short,M
SHORT VTT ST 900 NOIR ,MOUNTAIN BIKE,ROCKRIDER,46,1094,all,available,black,man,bike short,L
SHORT VTT ST 900 NOIR ,MOUNTAIN BIKE,ROCKRIDER,23,555,all,available,black,man,bike short,XL
SHORT VTT ST 900 NOIR ,MOUNTAIN BIKE,ROCKRIDER,0,839,all,ordered,black,man,bike short,XXL
SHORT DE RANDONNÉE MONTAGNE MH100 ,HIKING,QUECHUA,24,1162,all,available,grey,man,Short,XS
SHORT DE RANDONNÉE MONTAGNE MH100 ,HIKING,QUECHUA,48,421,all,available,grey,man,Short,S
SHORT DE RANDONNÉE MONTAGNE MH100 ,HIKING,QUECHUA,87,1144,all,available,grey,man,Short,M
SHORT DE RANDONNÉE MONTAGNE MH100 ,HIKING,QUECHUA,0,1173,all,sold_out,grey,man,Short,L
SHORT DE RANDONNÉE MONTAGNE MH100 ,HIKING,QUECHUA,0,1084,all,ordered,grey,man,Short,XL
SHORT DE RANDONNÉE MONTAGNE MH100 ,HIKING,QUECHUA,0,889,all,sold_out,grey,man,Short,XXL
SOUS SHORT VTT ST 500 NOIR ,MOUNTAIN BIKE,ROCKRIDER,0,631,all,sold_out,black,man,compression short,XS
SOUS SHORT VTT ST 500 NOIR ,MOUNTAIN BIKE,ROCKRIDER,0,1068,all,ordered,black,man,compression short,S
SOUS SHORT VTT ST 500 NOIR ,MOUNTAIN BIKE,ROCKRIDER,57,799,all,available,black,man,compression short,M
SOUS SHORT VTT ST 500 NOIR ,MOUNTAIN BIKE,ROCKRIDER,0,411,all,ordered,black,man,compression short,L
SOUS SHORT VTT ST 500 NOIR ,MOUNTAIN BIKE,ROCKRIDER,84,660,store_only,available,black,man,compression short,XL
SOUS SHORT VTT ST 500 NOIR ,MOUNTAIN BIKE,ROCKRIDER,78,1023,all,available,black,man,compression short,XXL
SHORT CARDIO FITNESS FST 100 NOIR,FITNESS,DOMYOS,8,807,all,available,black,man,Short,XS
SHORT CARDIO FITNESS FST 100 NOIR,FITNESS,DOMYOS,65,773,all,available,black,man,Short,S
SHORT CARDIO FITNESS FST 100 NOIR,FITNESS,DOMYOS,67,684,all,available,black,man,Short,M
SHORT CARDIO FITNESS FST 100 NOIR,FITNESS,DOMYOS,6,1047,store_only,available,black,man,Short,L
SHORT CARDIO FITNESS FST 100 NOIR,FITNESS,DOMYOS,0,762,all,ordered,black,man,Short,XL
SHORT CARDIO FITNESS FST 100 NOIR,FITNESS,DOMYOS,9,1092,all,available,black,man,Short,XXL
TEE SHIRT RUNNING RESPIRANT KALENJI DRY +,JOGGING,KALENJI,39,650,all,available,blue,man,court t-shirt,XS
TEE SHIRT RUNNING RESPIRANT KALENJI DRY +,JOGGING,KALENJI,0,740,all,ordered,blue,man,court t-shirt,S
TEE SHIRT RUNNING RESPIRANT KALENJI DRY +,JOGGING,KALENJI,63,957,all,available,blue,man,court t-shirt,M
TEE SHIRT RUNNING RESPIRANT KALENJI DRY +,JOGGING,KALENJI,8,814,all,available,blue,man,court t-shirt,L
TEE SHIRT RUNNING RESPIRANT KALENJI DRY +,JOGGING,KALENJI,61,1008,all,available,blue,man,court t-shirt,XL
TEE SHIRT RUNNING RESPIRANT KALENJI DRY +,JOGGING,KALENJI,70,570,all,available,blue,man,court t-shirt,XXL
TSHIRT DE FOOTBALL FF100 FRANCE EXTÉRIEUR,SOCCER,KIPSTA,87,830,all,available,blue,man,jerseys,XS
TSHIRT DE FOOTBALL FF100 FRANCE EXTÉRIEUR,SOCCER,KIPSTA,7,915,store_only,available,blue,man,jerseys,S
TSHIRT DE FOOTBALL FF100 FRANCE EXTÉRIEUR,SOCCER,KIPSTA,70,539,all,available,blue,man,jerseys,M
TSHIRT DE FOOTBALL FF100 FRANCE EXTÉRIEUR,SOCCER,KIPSTA,37,1169,all,available,blue,man,jerseys,L
TSHIRT DE FOOTBALL FF100 FRANCE EXTÉRIEUR,SOCCER,KIPSTA,18,459,all,available,blue,man,jerseys,XL
TSHIRT DE FOOTBALL FF100 FRANCE EXTÉRIEUR,SOCCER,KIPSTA,21,1160,all,available,blue,man,jerseys,XXL
MAILLOT MANCHES COURTES VÉLO ROUTE VAN RYSEL NEORACER,ROAD CYCLING,VAN RYSEL,21,528,store_only,available,red,man,jerseys,XS
MAILLOT MANCHES COURTES VÉLO ROUTE VAN RYSEL NEORACER,ROAD CYCLING,VAN RYSEL,0,488,all,sold_out,red,man,jerseys,S
MAILLOT MANCHES COURTES VÉLO ROUTE VAN RYSEL NEORACER,ROAD CYCLING,VAN RYSEL,26,668,all,available,red,man,jerseys,M
MAILLOT MANCHES COURTES VÉLO ROUTE VAN RYSEL NEORACER,ROAD CYCLING,VAN RYSEL,0,754,all,sold_out,red,man,jerseys,L
MAILLOT MANCHES COURTES VÉLO ROUTE VAN RYSEL NEORACER,ROAD CYCLING,VAN RYSEL,36,1056,store_only,available,red,man,jerseys,XL
MAILLOT MANCHES COURTES VÉLO ROUTE VAN RYSEL NEORACER,ROAD CYCLING,VAN RYSEL,12,960,all,available,red,man,jerseys,XXL
CHAUSSURE DE FOOTBALL ADIDAS MUNDIAL TEAM HG NOIRE,SOCCER,ADIDAS,17,1065,all,available,black,man,footbal shoes,40
CHAUSSURE DE FOOTBALL ADIDAS MUNDIAL TEAM HG NOIRE,SOCCER,ADIDAS,18,962,all,available,black,man,footbal shoes,41
,,,,,,,,,,
,,,,,,,,,,
,,,,,,,,,,
,,,,,,,,,,
,,,,,,,,,,
,,,,,,,,,,
,,,,,,,,,,
,,,,,,,,,,
,,,,,,,,,,
CHAUSSURE DE FOOTBALL ADIDAS MUNDIAL TEAM HG NOIRE,SOCCER,ADIDAS,46,707,all,available,black,man,footbal shoes,42
CHAUSSURE DE FOOTBALL ADIDAS MUNDIAL TEAM HG NOIRE,SOCCER,ADIDAS,13,1153,store_only,available,black,man,footbal shoes,43
CHAUSSURE DE FOOTBALL ADIDAS MUNDIAL TEAM HG NOIRE,SOCCER,ADIDAS,72,688,all,available,black,man,footbal shoes,44
CHAUSSURE DE FOOTBALL ADIDAS MUNDIAL TEAM HG NOIRE,SOCCER,ADIDAS,71,1087,all,available,black,man,footbal shoes,45
CHAUSSURE DE FOOTBALL ADIDAS MUNDIAL TEAM HG NOIRE,SOCCER,ADIDAS,38,974,store_only,available,black,man,footbal shoes,46
CHAUSSURES DE FOOTBALL X .3 HG ADIDAS ,SOCCER,ADIDAS,35,644,all,available,yellow,man,footbal shoes,40
CHAUSSURES DE FOOTBALL X .3 HG ADIDAS ,SOCCER,ADIDAS,14,411,all,available,yellow,man,footbal shoes,41
CHAUSSURES DE FOOTBALL X .3 HG ADIDAS ,SOCCER,ADIDAS,31,1031,all,available,yellow,man,footbal shoes,42
CHAUSSURES DE FOOTBALL X .3 HG ADIDAS ,SOCCER,ADIDAS,19,1066,all,available,yellow,man,footbal shoes,43
CHAUSSURES DE FOOTBALL X .3 HG ADIDAS ,SOCCER,ADIDAS,39,836,all,available,yellow,man,footbal shoes,44
CHAUSSURES DE FOOTBALL X .3 HG ADIDAS ,SOCCER,ADIDAS,81,664,all,available,yellow,man,footbal shoes,45
CHAUSSURES DE FOOTBALL X .3 HG ADIDAS ,SOCCER,ADIDAS,28,656,all,available,yellow,man,footbal shoes,46
CHAUSSURE DE FOOTBALL TERRAIN DUR AGILITY 100 HG NOIRE BLANCHE,SOCCER,KIPSTA,91,695,all,available,black,man,footbal shoes,40
CHAUSSURE DE FOOTBALL TERRAIN DUR AGILITY 100 HG NOIRE BLANCHE,SOCCER,KIPSTA,93,1064,all,available,black,man,footbal shoes,41
CHAUSSURE DE FOOTBALL TERRAIN DUR AGILITY 100 HG NOIRE BLANCHE,SOCCER,KIPSTA,64,721,store_only,available,black,man,footbal shoes,42
CHAUSSURE DE FOOTBALL TERRAIN DUR AGILITY 100 HG NOIRE BLANCHE,SOCCER,KIPSTA,21,1191,store_only,available,black,man,footbal shoes,43
CHAUSSURE DE FOOTBALL TERRAIN DUR AGILITY 100 HG NOIRE BLANCHE,SOCCER,KIPSTA,15,760,all,available,black,man,footbal shoes,44
CHAUSSURE DE FOOTBALL TERRAIN DUR AGILITY 100 HG NOIRE BLANCHE,SOCCER,KIPSTA,77,776,all,available,black,man,footbal shoes,45
CHAUSSURE DE FOOTBALL TERRAIN DUR AGILITY 100 HG NOIRE BLANCHE,SOCCER,KIPSTA,92,1051,all,available,black,man,footbal shoes,46
CHAUSSURES DE FOOTBALL PREDATOR .4 HG ADIDAS ,SOCCER,ADIDAS,80,972,all,available,black,man,footbal shoes,40
CHAUSSURES DE FOOTBALL PREDATOR .4 HG ADIDAS ,SOCCER,ADIDAS,74,567,all,available,black,man,footbal shoes,41
CHAUSSURES DE FOOTBALL PREDATOR .4 HG ADIDAS ,SOCCER,ADIDAS,56,959,all,available,black,man,footbal shoes,42
CHAUSSURES DE FOOTBALL PREDATOR .4 HG ADIDAS ,SOCCER,ADIDAS,0,1093,store_only,ordered,black,man,footbal shoes,43
CHAUSSURES DE FOOTBALL PREDATOR .4 HG ADIDAS ,SOCCER,ADIDAS,96,939,all,available,black,man,footbal shoes,44
CHAUSSURES DE FOOTBALL PREDATOR .4 HG ADIDAS ,SOCCER,ADIDAS,82,583,all,available,black,man,footbal shoes,45
CHAUSSURES DE FOOTBALL PREDATOR .4 HG ADIDAS ,SOCCER,ADIDAS,0,868,all,sold_out,black,man,footbal shoes,46
CHAUSSURE DE FOOTBALL TERRAINS SECS AGILITY 900 MESH MID HG,SOCCER,KIPSTA,10,883,web_only,available,red,man,footbal shoes,40
CHAUSSURE DE FOOTBALL TERRAINS SECS AGILITY 900 MESH MID HG,SOCCER,KIPSTA,21,470,all,available,red,man,footbal shoes,41
CHAUSSURE DE FOOTBALL TERRAINS SECS AGILITY 900 MESH MID HG,SOCCER,KIPSTA,94,746,all,available,red,man,footbal shoes,42
CHAUSSURE DE FOOTBALL TERRAINS SECS AGILITY 900 MESH MID HG,SOCCER,KIPSTA,89,622,all,available,red,man,footbal shoes,43
CHAUSSURE DE FOOTBALL TERRAINS SECS AGILITY 900 MESH MID HG,SOCCER,KIPSTA,92,746,all,available,red,man,footbal shoes,44
CHAUSSURE DE FOOTBALL TERRAINS SECS AGILITY 900 MESH MID HG,SOCCER,KIPSTA,68,718,all,available,red,man,footbal shoes,45
CHAUSSURE DE FOOTBALL TERRAINS SECS AGILITY 900 MESH MID HG,SOCCER,KIPSTA,17,418,all,available,red,man,footbal shoes,46
CHAUSSURE FOOTBALL COPA MUNDIAL FG ADIDAS ,SOCCER,ADIDAS,24,588,store_only,available,black,man,footbal shoes,40
CHAUSSURE FOOTBALL COPA MUNDIAL FG ADIDAS ,SOCCER,ADIDAS,0,837,store_only,sold_out,black,man,footbal shoes,41
CHAUSSURE FOOTBALL COPA MUNDIAL FG ADIDAS ,SOCCER,ADIDAS,97,704,all,available,black,man,footbal shoes,42
CHAUSSURE FOOTBALL COPA MUNDIAL FG ADIDAS ,SOCCER,ADIDAS,69,1058,all,available,black,man,footbal shoes,43
CHAUSSURE FOOTBALL COPA MUNDIAL FG ADIDAS ,SOCCER,ADIDAS,57,1063,all,available,black,man,footbal shoes,44
CHAUSSURE FOOTBALL COPA MUNDIAL FG ADIDAS ,SOCCER,ADIDAS,94,808,web_only,available,black,man,footbal shoes,45
CHAUSSURE FOOTBALL COPA MUNDIAL FG ADIDAS ,SOCCER,ADIDAS,53,418,all,available,black,man,footbal shoes,46
CHAUSSURE DE FOOTBALL TERRAINS SECS AGILITY 900 MID FG NOIRE,SOCCER,KIPSTA,12,1040,all,available,black,man,footbal shoes,40
CHAUSSURE DE FOOTBALL TERRAINS SECS AGILITY 900 MID FG NOIRE,SOCCER,KIPSTA,14,546,all,available,black,man,footbal shoes,41
CHAUSSURE DE FOOTBALL TERRAINS SECS AGILITY 900 MID FG NOIRE,SOCCER,KIPSTA,42,1027,all,available,black,man,footbal shoes,42
CHAUSSURE DE FOOTBALL TERRAINS SECS AGILITY 900 MID FG NOIRE,SOCCER,KIPSTA,34,1004,all,available,black,man,footbal shoes,43
CHAUSSURE DE FOOTBALL TERRAINS SECS AGILITY 900 MID FG NOIRE,SOCCER,KIPSTA,28,984,all,available,black,man,footbal shoes,44
CHAUSSURE DE FOOTBALL TERRAINS SECS AGILITY 900 MID FG NOIRE,SOCCER,KIPSTA,69,1197,all,available,black,man,footbal shoes,45
CHAUSSURE DE FOOTBALL TERRAINS SECS AGILITY 900 MID FG NOIRE,SOCCER,KIPSTA,81,718,all,available,black,man,footbal shoes,46
CHAUSSURE DE FOOTBALL TERRAINS SECS AGILITY 100 FG NOIRE,SOCCER,KIPSTA,14,762,all,available,black,man,footbal shoes,40
CHAUSSURE DE FOOTBALL TERRAINS SECS AGILITY 100 FG NOIRE,SOCCER,KIPSTA,0,553,all,ordered,black,man,footbal shoes,41
CHAUSSURE DE FOOTBALL TERRAINS SECS AGILITY 100 FG NOIRE,SOCCER,KIPSTA,7,939,all,available,black,man,footbal shoes,42
CHAUSSURE DE FOOTBALL TERRAINS SECS AGILITY 100 FG NOIRE,SOCCER,KIPSTA,87,446,all,available,black,man,footbal shoes,43
CHAUSSURE DE FOOTBALL TERRAINS SECS AGILITY 100 FG NOIRE,SOCCER,KIPSTA,4,552,all,available,black,man,footbal shoes,44
CHAUSSURE DE FOOTBALL TERRAINS SECS AGILITY 100 FG NOIRE,SOCCER,KIPSTA,0,549,all,ordered,black,man,footbal shoes,45
CHAUSSURE DE FOOTBALL TERRAINS SECS AGILITY 100 FG NOIRE,SOCCER,KIPSTA,0,965,all,ordered,black,man,footbal shoes,46
CHAUSSURES DE FOOTBALL FUTURE 3.1 FG/AG PUMA ,SOCCER,PUMA,95,402,all,available,yellow,man,footbal shoes,40
CHAUSSURES DE FOOTBALL FUTURE 3.1 FG/AG PUMA ,SOCCER,PUMA,91,904,web_only,available,yellow,man,footbal shoes,41
CHAUSSURES DE FOOTBALL FUTURE 3.1 FG/AG PUMA ,SOCCER,PUMA,43,1066,all,available,yellow,man,footbal shoes,42
,,,,,,,,,,
,,,,,,,,,,
,,,,,,,,,,
,,,,,,,,,,
,,,,,,,,,,
,,,,,,,,,,
,,,,,,,,,,
,,,,,,,,,,
,,,,,,,,,,
,,,,,,,,,,
CHAUSSURES DE FOOTBALL FUTURE 3.1 FG/AG PUMA ,SOCCER,PUMA,25,765,all,available,yellow,man,footbal shoes,43
CHAUSSURES DE FOOTBALL FUTURE 3.1 FG/AG PUMA ,SOCCER,PUMA,42,1137,all,available,yellow,man,footbal shoes,44
CHAUSSURES DE FOOTBALL FUTURE 3.1 FG/AG PUMA ,SOCCER,PUMA,94,417,all,available,yellow,man,footbal shoes,45
CHAUSSURES DE FOOTBALL FUTURE 3.1 FG/AG PUMA ,SOCCER,PUMA,96,843,all,available,yellow,man,footbal shoes,46
CHAUSSURES DE FOOTBALL FUTURE Z 3.1 TT PUMA ,SOCCER,PUMA,96,696,all,available,yellow,man,footbal shoes,40
CHAUSSURES DE FOOTBALL FUTURE Z 3.1 TT PUMA ,SOCCER,PUMA,61,877,all,available,yellow,man,footbal shoes,41
CHAUSSURES DE FOOTBALL FUTURE Z 3.1 TT PUMA ,SOCCER,PUMA,39,1062,all,available,yellow,man,footbal shoes,42
CHAUSSURES DE FOOTBALL FUTURE Z 3.1 TT PUMA ,SOCCER,PUMA,68,1121,all,available,yellow,man,footbal shoes,43
CHAUSSURES DE FOOTBALL FUTURE Z 3.1 TT PUMA ,SOCCER,PUMA,92,1124,all,available,yellow,man,footbal shoes,44
CHAUSSURES DE FOOTBALL FUTURE Z 3.1 TT PUMA ,SOCCER,PUMA,0,967,all,ordered,yellow,man,footbal shoes,45
CHAUSSURES DE FOOTBALL FUTURE Z 3.1 TT PUMA ,SOCCER,PUMA,0,595,all,sold_out,yellow,man,footbal shoes,46
CHAUSSURE DE FOOTBALL KAISER FG ADIDAS ,SOCCER,ADIDAS,94,587,all,available,black,man,footbal shoes,40
CHAUSSURE DE FOOTBALL KAISER FG ADIDAS ,SOCCER,ADIDAS,0,1014,all,ordered,black,man,footbal shoes,41
CHAUSSURE DE FOOTBALL KAISER FG ADIDAS ,SOCCER,ADIDAS,64,734,all,available,black,man,footbal shoes,42
CHAUSSURE DE FOOTBALL KAISER FG ADIDAS ,SOCCER,ADIDAS,26,416,all,available,black,man,footbal shoes,43
CHAUSSURE DE FOOTBALL KAISER FG ADIDAS ,SOCCER,ADIDAS,90,1172,store_only,available,black,man,footbal shoes,44
CHAUSSURE DE FOOTBALL KAISER FG ADIDAS ,SOCCER,ADIDAS,95,1158,all,available,black,man,footbal shoes,45
CHAUSSURE DE FOOTBALL KAISER FG ADIDAS ,SOCCER,ADIDAS,0,538,all,sold_out,black,man,footbal shoes,46
CHAUSSURES DE FOOTBALL PREDATOR FREAK .3 FG ADIDAS ,SOCCER,ADIDAS,0,431,store_only,ordered,blue,man,footbal shoes,40
CHAUSSURES DE FOOTBALL PREDATOR FREAK .3 FG ADIDAS ,SOCCER,ADIDAS,0,670,all,sold_out,blue,man,footbal shoes,41
CHAUSSURES DE FOOTBALL PREDATOR FREAK .3 FG ADIDAS ,SOCCER,ADIDAS,0,1093,all,ordered,blue,man,footbal shoes,42
CHAUSSURES DE FOOTBALL PREDATOR FREAK .3 FG ADIDAS ,SOCCER,ADIDAS,2,942,all,available,blue,man,footbal shoes,43
CHAUSSURES DE FOOTBALL PREDATOR FREAK .3 FG ADIDAS ,SOCCER,ADIDAS,67,508,all,available,blue,man,footbal shoes,44
CHAUSSURES DE FOOTBALL PREDATOR FREAK .3 FG ADIDAS ,SOCCER,ADIDAS,1,910,all,available,blue,man,footbal shoes,45
CHAUSSURES DE FOOTBALL PREDATOR FREAK .3 FG ADIDAS ,SOCCER,ADIDAS,39,723,web_only,available,blue,man,footbal shoes,46
CHAUSSURE DE FOOTBALL TERRAINS SECS AGILITY 540 CUIR FG NOIRE GRISE,SOCCER,KIPSTA,3,1000,all,available,black,man,footbal shoes,40
CHAUSSURE DE FOOTBALL TERRAINS SECS AGILITY 540 CUIR FG NOIRE GRISE,SOCCER,KIPSTA,5,801,all,available,black,man,footbal shoes,41
CHAUSSURE DE FOOTBALL TERRAINS SECS AGILITY 540 CUIR FG NOIRE GRISE,SOCCER,KIPSTA,88,768,all,available,black,man,footbal shoes,42
CHAUSSURE DE FOOTBALL TERRAINS SECS AGILITY 540 CUIR FG NOIRE GRISE,SOCCER,KIPSTA,73,632,all,available,black,man,footbal shoes,43
CHAUSSURE DE FOOTBALL TERRAINS SECS AGILITY 540 CUIR FG NOIRE GRISE,SOCCER,KIPSTA,36,615,all,available,black,man,footbal shoes,44
CHAUSSURE DE FOOTBALL TERRAINS SECS AGILITY 540 CUIR FG NOIRE GRISE,SOCCER,KIPSTA,7,733,all,available,black,man,footbal shoes,45
CHAUSSURE DE FOOTBALL TERRAINS SECS AGILITY 540 CUIR FG NOIRE GRISE,SOCCER,KIPSTA,0,1170,store_only,ordered,black,man,footbal shoes,46
CHAUSSURE DE FOOTBALL TERRAIN DUR AGILITY 500 HG,SOCCER,KIPSTA,50,1092,store_only,available,red,man,footbal shoes,40
CHAUSSURE DE FOOTBALL TERRAIN DUR AGILITY 500 HG,SOCCER,KIPSTA,28,910,all,available,red,man,footbal shoes,41
CHAUSSURE DE FOOTBALL TERRAIN DUR AGILITY 500 HG,SOCCER,KIPSTA,70,967,all,available,red,man,footbal shoes,42
CHAUSSURE DE FOOTBALL TERRAIN DUR AGILITY 500 HG,SOCCER,KIPSTA,72,714,all,available,red,man,footbal shoes,43
CHAUSSURE DE FOOTBALL TERRAIN DUR AGILITY 500 HG,SOCCER,KIPSTA,36,549,all,available,red,man,footbal shoes,44
CHAUSSURE DE FOOTBALL TERRAIN DUR AGILITY 500 HG,SOCCER,KIPSTA,75,564,all,available,red,man,footbal shoes,45
CHAUSSURE DE FOOTBALL TERRAIN DUR AGILITY 500 HG,SOCCER,KIPSTA,33,711,all,available,red,man,footbal shoes,46
CHAUSSURE DE FOOTBALL TERRAINS SECS CLR FG BLANC ET,SOCCER,KIPSTA,41,669,all,available,black,man,footbal shoes,40
CHAUSSURE DE FOOTBALL TERRAINS SECS CLR FG BLANC ET,SOCCER,KIPSTA,84,785,all,available,black,man,footbal shoes,41
CHAUSSURE DE FOOTBALL TERRAINS SECS CLR FG BLANC ET,SOCCER,KIPSTA,93,1008,web_only,available,black,man,footbal shoes,42
CHAUSSURE DE FOOTBALL TERRAINS SECS CLR FG BLANC ET,SOCCER,KIPSTA,17,484,all,available,black,man,footbal shoes,43
CHAUSSURE DE FOOTBALL TERRAINS SECS CLR FG BLANC ET,SOCCER,KIPSTA,0,595,all,ordered,black,man,footbal shoes,44
CHAUSSURE DE FOOTBALL TERRAINS SECS CLR FG BLANC ET,SOCCER,KIPSTA,89,762,all,available,black,man,footbal shoes,45
CHAUSSURE DE FOOTBALL TERRAINS SECS CLR FG BLANC ET,SOCCER,KIPSTA,32,469,all,available,black,man,footbal shoes,46
CHAUSSURES DE FOOTBALL X .3 FG ADIDAS ,SOCCER,ADIDAS,36,832,all,available,yellow,man,footbal shoes,40
CHAUSSURES DE FOOTBALL X .3 FG ADIDAS ,SOCCER,ADIDAS,0,415,all,ordered,yellow,man,footbal shoes,41
CHAUSSURES DE FOOTBALL X .3 FG ADIDAS ,SOCCER,ADIDAS,42,759,all,available,yellow,man,footbal shoes,42
CHAUSSURES DE FOOTBALL X .3 FG ADIDAS ,SOCCER,ADIDAS,82,405,all,available,yellow,man,footbal shoes,43
CHAUSSURES DE FOOTBALL X .3 FG ADIDAS ,SOCCER,ADIDAS,0,639,all,ordered,yellow,man,footbal shoes,44
CHAUSSURES DE FOOTBALL X .3 FG ADIDAS ,SOCCER,ADIDAS,99,1084,all,available,yellow,man,footbal shoes,45
CHAUSSURES DE FOOTBALL X .3 FG ADIDAS ,SOCCER,ADIDAS,20,796,all,available,yellow,man,footbal shoes,46
CHAUSSURES DE FOOTBALL FUTURE 3.1 FG/MG PUMA ,SOCCER,PUMA,54,997,all,available,white,man,footbal shoes,40
CHAUSSURES DE FOOTBALL FUTURE 3.1 FG/MG PUMA ,SOCCER,PUMA,0,875,all,ordered,white,man,footbal shoes,41
CHAUSSURES DE FOOTBALL FUTURE 3.1 FG/MG PUMA ,SOCCER,PUMA,99,1140,store_only,available,white,man,footbal shoes,42
CHAUSSURES DE FOOTBALL FUTURE 3.1 FG/MG PUMA ,SOCCER,PUMA,81,491,all,available,white,man,footbal shoes,43
CHAUSSURES DE FOOTBALL FUTURE 3.1 FG/MG PUMA ,SOCCER,PUMA,44,444,all,available,white,man,footbal shoes,44
,,,,,,,,,,
,,,,,,,,,,
,,,,,,,,,,
,,,,,,,,,,
,,,,,,,,,,
,,,,,,,,,,
,,,,,,,,,,
,,,,,,,,,,
,,,,,,,,,,
,,,,,,,,,,
,,,,,,,,,,
,,,,,,,,,,
,,,,,,,,,,
,,,,,,,,,,
,,,,,,,,,,
,,,,,,,,,,
,,,,,,,,,,
,,,,,,,,,,
,,,,,,,,,,
,,,,,,,,,,
,,,,,,,,,,
,,,,,,,,,,
CHAUSSURES DE FOOTBALL FUTURE 3.1 FG/MG PUMA ,SOCCER,PUMA,91,1166,all,available,white,man,footbal shoes,45
CHAUSSURES DE FOOTBALL FUTURE 3.1 FG/MG PUMA ,SOCCER,PUMA,75,661,all,available,white,man,footbal shoes,46
CHAUSSURE DE FOOTBALL TERRAIN DUR FIFTER 900 HG BLEUE,FUTSAL,FIFTER,0,801,all,ordered,grey,man,footbal shoes,40
CHAUSSURE DE FOOTBALL TERRAIN DUR FIFTER 900 HG BLEUE,FUTSAL,FIFTER,75,1070,all,available,grey,man,footbal shoes,41
CHAUSSURE DE FOOTBALL TERRAIN DUR FIFTER 900 HG BLEUE,FUTSAL,FIFTER,36,1195,all,available,grey,man,footbal shoes,42
CHAUSSURE DE FOOTBALL TERRAIN DUR FIFTER 900 HG BLEUE,FUTSAL,FIFTER,38,618,store_only,available,grey,man,footbal shoes,43
CHAUSSURE DE FOOTBALL TERRAIN DUR FIFTER 900 HG BLEUE,FUTSAL,FIFTER,0,1182,all,sold_out,grey,man,footbal shoes,44
CHAUSSURE DE FOOTBALL TERRAIN DUR FIFTER 900 HG BLEUE,FUTSAL,FIFTER,66,811,store_only,available,grey,man,footbal shoes,45
CHAUSSURE DE FOOTBALL TERRAIN DUR FIFTER 900 HG BLEUE,FUTSAL,FIFTER,32,1056,all,available,grey,man,footbal shoes,46
BRASSIERE DE SPORT POUR PROTHESE MAMMAIRE JOG KOKOON PLUS NOIRE,JOGGING,KALENJI,60,404,store_only,available,black,woman,sport bra,XS
BRASSIERE DE SPORT POUR PROTHESE MAMMAIRE JOG KOKOON PLUS NOIRE,JOGGING,KALENJI,0,523,all,ordered,black,woman,sport bra,S
BRASSIERE DE SPORT POUR PROTHESE MAMMAIRE JOG KOKOON PLUS NOIRE,JOGGING,KALENJI,82,506,all,available,black,woman,sport bra,M
BRASSIERE DE SPORT POUR PROTHESE MAMMAIRE JOG KOKOON PLUS NOIRE,JOGGING,KALENJI,0,466,all,ordered,black,woman,sport bra,L
BRASSIERE DE SPORT POUR PROTHESE MAMMAIRE JOG KOKOON PLUS NOIRE,JOGGING,KALENJI,52,769,all,available,black,woman,sport bra,XL
BRASSIERE DE SPORT POUR PROTHESE MAMMAIRE JOG KOKOON PLUS NOIRE,JOGGING,KALENJI,3,651,all,available,black,woman,sport bra,XXL
PANTALON JOGGING ADIDAS FITNESS 3 STRIPES NOIR,"PILATES, SOFT GYMNASTIC",ADIDAS,23,1098,all,available,black,woman,pants,XS
PANTALON JOGGING ADIDAS FITNESS 3 STRIPES NOIR,"PILATES, SOFT GYMNASTIC",ADIDAS,33,805,all,available,black,woman,pants,S
PANTALON JOGGING ADIDAS FITNESS 3 STRIPES NOIR,"PILATES, SOFT GYMNASTIC",ADIDAS,81,1053,web_only,available,black,woman,pants,M
PANTALON JOGGING ADIDAS FITNESS 3 STRIPES NOIR,"PILATES, SOFT GYMNASTIC",ADIDAS,2,970,all,available,black,woman,pants,L
PANTALON JOGGING ADIDAS FITNESS 3 STRIPES NOIR,"PILATES, SOFT GYMNASTIC",ADIDAS,35,954,all,available,black,woman,pants,XL
PANTALON JOGGING ADIDAS FITNESS 3 STRIPES NOIR,"PILATES, SOFT GYMNASTIC",ADIDAS,3,865,all,available,black,woman,pants,XXL
SANDALES DE RANDONNÉE NH100 ,HIKING,QUECHUA,76,1177,all,available,grey,woman,sandals,36
SANDALES DE RANDONNÉE NH100 ,HIKING,QUECHUA,0,617,all,ordered,grey,woman,sandals,37
SANDALES DE RANDONNÉE NH100 ,HIKING,QUECHUA,41,1061,web_only,available,grey,woman,sandals,38
SANDALES DE RANDONNÉE NH100 ,HIKING,QUECHUA,0,415,all,sold_out,grey,woman,sandals,39
SANDALES DE RANDONNÉE NH100 ,HIKING,QUECHUA,20,647,all,available,grey,woman,sandals,40
SANDALES DE RANDONNÉE NH100 ,HIKING,QUECHUA,60,416,all,available,grey,woman,sandals,41
SANDALES DE RANDONNÉE NH100 ,HIKING,QUECHUA,98,889,all,available,grey,woman,sandals,42
CHAUSSURE DE RUNNING ASICS GEL GLYDE 3 NOIRE ,RUNNING,ASICS,62,454,store_only,available,blue,woman,shoes,36
CHAUSSURE DE RUNNING ASICS GEL GLYDE 3 NOIRE ,RUNNING,ASICS,81,998,all,available,blue,woman,shoes,37
CHAUSSURE DE RUNNING ASICS GEL GLYDE 3 NOIRE ,RUNNING,ASICS,63,598,all,available,blue,woman,shoes,38
CHAUSSURE DE RUNNING ASICS GEL GLYDE 3 NOIRE ,RUNNING,ASICS,85,626,all,available,blue,woman,shoes,39
CHAUSSURE DE RUNNING ASICS GEL GLYDE 3 NOIRE ,RUNNING,ASICS,15,1163,all,available,blue,woman,shoes,40
CHAUSSURE DE RUNNING ASICS GEL GLYDE 3 NOIRE ,RUNNING,ASICS,65,631,store_only,available,blue,woman,shoes,41
CHAUSSURE DE RUNNING ASICS GEL GLYDE 3 NOIRE ,RUNNING,ASICS,94,1166,all,available,blue,woman,shoes,42
CHAUSSURES RUNNING ASICS GEL WINDHAWK ,JOGGING,ASICS,4,1170,all,available,black,woman,shoes,36
CHAUSSURES RUNNING ASICS GEL WINDHAWK ,JOGGING,ASICS,63,528,all,available,black,woman,shoes,37
CHAUSSURES RUNNING ASICS GEL WINDHAWK ,JOGGING,ASICS,14,876,all,available,black,woman,shoes,38
CHAUSSURES RUNNING ASICS GEL WINDHAWK ,JOGGING,ASICS,97,520,store_only,available,black,woman,shoes,39
CHAUSSURES RUNNING ASICS GEL WINDHAWK ,JOGGING,ASICS,55,720,all,available,black,woman,shoes,40
CHAUSSURES RUNNING ASICS GEL WINDHAWK ,JOGGING,ASICS,0,1160,all,ordered,black,woman,shoes,41
CHAUSSURES RUNNING ASICS GEL WINDHAWK ,JOGGING,ASICS,89,814,all,available,black,woman,shoes,42
CHAUSSURES DE RUNNING ADIDAS DURAMO BLEU MARINE,JOGGING,ADIDAS,2,590,all,available,blue,woman,shoes,36
CHAUSSURES DE RUNNING ADIDAS DURAMO BLEU MARINE,JOGGING,ADIDAS,58,746,all,available,blue,woman,shoes,37
CHAUSSURES DE RUNNING ADIDAS DURAMO BLEU MARINE,JOGGING,ADIDAS,6,439,all,available,blue,woman,shoes,38
CHAUSSURES DE RUNNING ADIDAS DURAMO BLEU MARINE,JOGGING,ADIDAS,19,553,store_only,available,blue,woman,shoes,39
CHAUSSURES DE RUNNING ADIDAS DURAMO BLEU MARINE,JOGGING,ADIDAS,97,1159,all,available,blue,woman,shoes,40
CHAUSSURES DE RUNNING ADIDAS DURAMO BLEU MARINE,JOGGING,ADIDAS,75,609,all,available,blue,woman,shoes,41
CHAUSSURES DE RUNNING ADIDAS DURAMO BLEU MARINE,JOGGING,ADIDAS,89,618,all,available,blue,woman,shoes,42
VESTE POLAIRE DE RANDONNÉE MONTAGNE MH120,HIKING,QUECHUA,65,1183,all,available,purple,woman,fleece,XS
VESTE POLAIRE DE RANDONNÉE MONTAGNE MH120,HIKING,QUECHUA,5,433,all,available,purple,woman,fleece,S
VESTE POLAIRE DE RANDONNÉE MONTAGNE MH120,HIKING,QUECHUA,71,855,all,available,purple,woman,fleece,M
VESTE POLAIRE DE RANDONNÉE MONTAGNE MH120,HIKING,QUECHUA,53,495,all,available,purple,woman,fleece,L
VESTE POLAIRE DE RANDONNÉE MONTAGNE MH120,HIKING,QUECHUA,17,453,store_only,available,purple,woman,fleece,XL
VESTE POLAIRE DE RANDONNÉE MONTAGNE MH120,HIKING,QUECHUA,0,1125,all,sold_out,purple,woman,fleece,XXL
PANTALON JOGGING ADIDAS FITNESS LINEAR NOIR,"PILATES, GYM",ADIDAS,17,1060,all,available,black,woman,pants,XS
PANTALON JOGGING ADIDAS FITNESS LINEAR NOIR,"PILATES, GYM",ADIDAS,43,1154,all,available,black,woman,pants,S
PANTALON JOGGING ADIDAS FITNESS LINEAR NOIR,"PILATES, GYM",ADIDAS,84,936,all,available,black,woman,pants,M
PANTALON JOGGING ADIDAS FITNESS LINEAR NOIR,"PILATES, GYM",ADIDAS,75,695,all,available,black,woman,pants,L
PANTALON JOGGING ADIDAS FITNESS LINEAR NOIR,"PILATES, GYM",ADIDAS,0,561,all,ordered,black,woman,pants,XL
PANTALON JOGGING ADIDAS FITNESS LINEAR NOIR,"PILATES, GYM",ADIDAS,59,515,all,available,black,woman,pants,XXL
JUPE SHORT DE RANDONNÉE NATURE NH500 ,HIKING,QUECHUA,97,1144,all,available,grey,woman,sport skirt,XS
JUPE SHORT DE RANDONNÉE NATURE NH500 ,HIKING,QUECHUA,24,703,all,available,grey,woman,sport skirt,S
JUPE SHORT DE RANDONNÉE NATURE NH500 ,HIKING,QUECHUA,73,1168,all,available,grey,woman,sport skirt,M
JUPE SHORT DE RANDONNÉE NATURE NH500 ,HIKING,QUECHUA,48,1027,all,available,grey,woman,sport skirt,L
JUPE SHORT DE RANDONNÉE NATURE NH500 ,HIKING,QUECHUA,68,791,all,available,grey,woman,sport skirt,XL
JUPE SHORT DE RANDONNÉE NATURE NH500 ,HIKING,QUECHUA,84,1055,all,available,grey,woman,sport skirt,XXL
SEMELLES CONNECTÉES DIGITSOLE SMART INSOLES,WALKING,DIGITSOLE,53,603,all,available,black,woman,soles,36
SEMELLES CONNECTÉES DIGITSOLE SMART INSOLES,WALKING,DIGITSOLE,60,645,web_only,available,black,woman,soles,37
SEMELLES CONNECTÉES DIGITSOLE SMART INSOLES,WALKING,DIGITSOLE,26,943,all,available,black,woman,soles,38
SEMELLES CONNECTÉES DIGITSOLE SMART INSOLES,WALKING,DIGITSOLE,64,857,all,available,black,woman,soles,39
SEMELLES CONNECTÉES DIGITSOLE SMART INSOLES,WALKING,DIGITSOLE,29,1149,all,available,black,woman,soles,40
SEMELLES CONNECTÉES DIGITSOLE SMART INSOLES,WALKING,DIGITSOLE,49,981,store_only,available,black,woman,soles,41
SEMELLES CONNECTÉES DIGITSOLE SMART INSOLES,WALKING,DIGITSOLE,27,895,all,available,black,woman,soles,42
CHAUSSURE DE TRAIL RUNNING POUR MT CUSHION CORAIL NOIR,TRAIL RUNNING,EVADICT,57,945,all,available,orange,woman,shoes,36
CHAUSSURE DE TRAIL RUNNING POUR MT CUSHION CORAIL NOIR,TRAIL RUNNING,EVADICT,94,655,store_only,available,orange,woman,shoes,37
CHAUSSURE DE TRAIL RUNNING POUR MT CUSHION CORAIL NOIR,TRAIL RUNNING,EVADICT,49,413,store_only,available,orange,woman,shoes,38
CHAUSSURE DE TRAIL RUNNING POUR MT CUSHION CORAIL NOIR,TRAIL RUNNING,EVADICT,7,954,all,available,orange,woman,shoes,39
CHAUSSURE DE TRAIL RUNNING POUR MT CUSHION CORAIL NOIR,TRAIL RUNNING,EVADICT,0,1107,all,ordered,orange,woman,shoes,40
CHAUSSURE DE TRAIL RUNNING POUR MT CUSHION CORAIL NOIR,TRAIL RUNNING,EVADICT,0,1115,all,sold_out,orange,woman,shoes,41
CHAUSSURE DE TRAIL RUNNING POUR MT CUSHION CORAIL NOIR,TRAIL RUNNING,EVADICT,0,709,all,ordered,orange,woman,shoes,42
CHAUSSURES MARCHE SPORTIVE FLEX APPEAL BLEU / ROSE,WALKING,SKECHERS,17,886,store_only,available,navy,woman,shoes,36
CHAUSSURES MARCHE SPORTIVE FLEX APPEAL BLEU / ROSE,WALKING,SKECHERS,22,1045,all,available,navy,woman,shoes,37
CHAUSSURES MARCHE SPORTIVE FLEX APPEAL BLEU / ROSE,WALKING,SKECHERS,0,1030,all,sold_out,navy,woman,shoes,38
CHAUSSURES MARCHE SPORTIVE FLEX APPEAL BLEU / ROSE,WALKING,SKECHERS,34,1155,all,available,navy,woman,shoes,39
CHAUSSURES MARCHE SPORTIVE FLEX APPEAL BLEU / ROSE,WALKING,SKECHERS,2,534,store_only,available,navy,woman,shoes,40
CHAUSSURES MARCHE SPORTIVE FLEX APPEAL BLEU / ROSE,WALKING,SKECHERS,78,661,all,available,navy,woman,shoes,41
CHAUSSURES MARCHE SPORTIVE FLEX APPEAL BLEU / ROSE,WALKING,SKECHERS,35,1030,store_only,available,navy,woman,shoes,42
CHAUSSURES TRAIL RUNNING POUR TR2 NOIR ROSE BLEU,TRAIL RUNNING,EVADICT,55,1131,all,available,black,woman,shoes,36
CHAUSSURES TRAIL RUNNING POUR TR2 NOIR ROSE BLEU,TRAIL RUNNING,EVADICT,22,985,all,available,black,woman,shoes,37
CHAUSSURES TRAIL RUNNING POUR TR2 NOIR ROSE BLEU,TRAIL RUNNING,EVADICT,77,531,all,available,black,woman,shoes,38
CHAUSSURES TRAIL RUNNING POUR TR2 NOIR ROSE BLEU,TRAIL RUNNING,EVADICT,56,933,all,available,black,woman,shoes,39
CHAUSSURES TRAIL RUNNING POUR TR2 NOIR ROSE BLEU,TRAIL RUNNING,EVADICT,78,820,all,available,black,woman,shoes,40
CHAUSSURES TRAIL RUNNING POUR TR2 NOIR ROSE BLEU,TRAIL RUNNING,EVADICT,50,1109,all,available,black,woman,shoes,41
CHAUSSURES TRAIL RUNNING POUR TR2 NOIR ROSE BLEU,TRAIL RUNNING,EVADICT,65,422,all,available,black,woman,shoes,42
CHAUSSURE RUN CONFORT ,JOGGING,KALENJI,68,1191,all,available,black,woman,shoes,36
CHAUSSURE RUN CONFORT ,JOGGING,KALENJI,2,731,all,available,black,woman,shoes,37
CHAUSSURE RUN CONFORT ,JOGGING,KALENJI,30,892,all,available,black,woman,shoes,38
CHAUSSURE RUN CONFORT ,JOGGING,KALENJI,49,414,all,available,black,woman,shoes,39
CHAUSSURE RUN CONFORT ,JOGGING,KALENJI,70,994,all,available,black,woman,shoes,40
CHAUSSURE RUN CONFORT ,JOGGING,KALENJI,11,502,all,available,black,woman,shoes,41
CHAUSSURE RUN CONFORT ,JOGGING,KALENJI,15,488,all,available,black,woman,shoes,42
CHAUSSURES MARCHE URBAINE SOFT 140 MESH,WALKING,NEWFEEL,14,1131,all,available,black,woman,shoes,36
CHAUSSURES MARCHE URBAINE SOFT 140 MESH,WALKING,NEWFEEL,39,676,all,available,black,woman,shoes,37
CHAUSSURES MARCHE URBAINE SOFT 140 MESH,WALKING,NEWFEEL,54,682,all,available,black,woman,shoes,38
CHAUSSURES MARCHE URBAINE SOFT 140 MESH,WALKING,NEWFEEL,0,519,all,ordered,black,woman,shoes,39
CHAUSSURES MARCHE URBAINE SOFT 140 MESH,WALKING,NEWFEEL,71,447,all,available,black,woman,shoes,40
CHAUSSURES MARCHE URBAINE SOFT 140 MESH,WALKING,NEWFEEL,57,979,all,available,black,woman,shoes,41
CHAUSSURES MARCHE URBAINE SOFT 140 MESH,WALKING,NEWFEEL,0,803,all,sold_out,black,woman,shoes,42
SANDALES DE RANDONNÉE JACARDIA ,HIKING,MERRELL,0,1129,all,sold_out,brown,woman,sandals,36
SANDALES DE RANDONNÉE JACARDIA ,HIKING,MERRELL,23,1133,store_only,available,brown,woman,sandals,37
SANDALES DE RANDONNÉE JACARDIA ,HIKING,MERRELL,47,825,all,available,brown,woman,sandals,38
SANDALES DE RANDONNÉE JACARDIA ,HIKING,MERRELL,67,631,all,available,brown,woman,sandals,39
SANDALES DE RANDONNÉE JACARDIA ,HIKING,MERRELL,0,622,all,sold_out,brown,woman,sandals,40
SANDALES DE RANDONNÉE JACARDIA ,HIKING,MERRELL,1,819,web_only,available,brown,woman,sandals,41
SANDALES DE RANDONNÉE JACARDIA ,HIKING,MERRELL,0,586,all,ordered,brown,woman,sandals,42
CHAUSSURES JOGGING RUN ACTIVE,JOGGING,KALENJI,0,1124,all,sold_out,orange,woman,shoes,36
CHAUSSURES JOGGING RUN ACTIVE,JOGGING,KALENJI,23,455,all,available,orange,woman,shoes,37
CHAUSSURES JOGGING RUN ACTIVE,JOGGING,KALENJI,37,861,all,available,orange,woman,shoes,38
CHAUSSURES JOGGING RUN ACTIVE,JOGGING,KALENJI,59,530,all,available,orange,woman,shoes,39
CHAUSSURES JOGGING RUN ACTIVE,JOGGING,KALENJI,33,528,all,available,orange,woman,shoes,40
CHAUSSURES JOGGING RUN ACTIVE,JOGGING,KALENJI,59,483,all,available,orange,woman,shoes,41
CHAUSSURES JOGGING RUN ACTIVE,JOGGING,KALENJI,0,732,store_only,sold_out,orange,woman,shoes,42
CHAUSSURES DE RUNNING ASICS GEL ZIRUSS 4 NOIRE ROSE,RUNNING,ASICS,23,1154,store_only,available,black,woman,shoes,36
CHAUSSURES DE RUNNING ASICS GEL ZIRUSS 4 NOIRE ROSE,RUNNING,ASICS,98,859,all,available,black,woman,shoes,37
CHAUSSURES DE RUNNING ASICS GEL ZIRUSS 4 NOIRE ROSE,RUNNING,ASICS,71,764,all,available,black,woman,shoes,38
CHAUSSURES DE RUNNING ASICS GEL ZIRUSS 4 NOIRE ROSE,RUNNING,ASICS,74,789,all,available,black,woman,shoes,39
CHAUSSURES DE RUNNING ASICS GEL ZIRUSS 4 NOIRE ROSE,RUNNING,ASICS,99,1153,all,available,black,woman,shoes,40
CHAUSSURES DE RUNNING ASICS GEL ZIRUSS 4 NOIRE ROSE,RUNNING,ASICS,83,520,all,available,black,woman,shoes,41
CHAUSSURES DE RUNNING ASICS GEL ZIRUSS 4 NOIRE ROSE,RUNNING,ASICS,21,1014,store_only,available,black,woman,shoes,42
SANDALES DE RANDONNÉE NH110 ,HIKING,QUECHUA,39,1062,all,available,brown,woman,sandals,36
SANDALES DE RANDONNÉE NH110 ,HIKING,QUECHUA,57,965,all,available,brown,woman,sandals,37
SANDALES DE RANDONNÉE NH110 ,HIKING,QUECHUA,0,746,web_only,ordered,brown,woman,sandals,38
SANDALES DE RANDONNÉE NH110 ,HIKING,QUECHUA,82,439,all,available,brown,woman,sandals,39
SANDALES DE RANDONNÉE NH110 ,HIKING,QUECHUA,24,1190,all,available,brown,woman,sandals,40
SANDALES DE RANDONNÉE NH110 ,HIKING,QUECHUA,12,1096,all,available,brown,woman,sandals,41
SANDALES DE RANDONNÉE NH110 ,HIKING,QUECHUA,12,1126,all,available,brown,woman,sandals,42
CYCLISTE COTON FITNESS FIT+ NOIR,"PILATES, SOFT GYMNASTIC",NYAMBA,78,681,all,available,black,woman,Short,XS
CYCLISTE COTON FITNESS FIT+ NOIR,"PILATES, SOFT GYMNASTIC",NYAMBA,93,523,all,available,black,woman,Short,S
CYCLISTE COTON FITNESS FIT+ NOIR,"PILATES, SOFT GYMNASTIC",NYAMBA,64,1015,all,available,black,woman,Short,M
CYCLISTE COTON FITNESS FIT+ NOIR,"PILATES, SOFT GYMNASTIC",NYAMBA,83,722,all,available,black,woman,Short,L
CYCLISTE COTON FITNESS FIT+ NOIR,"PILATES, SOFT GYMNASTIC",NYAMBA,92,473,all,available,black,woman,Short,XL
CYCLISTE COTON FITNESS FIT+ NOIR,"PILATES, SOFT GYMNASTIC",NYAMBA,29,595,all,available,black,woman,Short,XXL
FF100 FRANCE EXTERIEUR,SOCCER,KIPSTA,77,455,all,available,navy,child,jerseys,XS
FF100 FRANCE EXTERIEUR,SOCCER,KIPSTA,86,1107,all,available,navy,child,jerseys,S
FF100 FRANCE EXTERIEUR,SOCCER,KIPSTA,64,896,all,available,navy,child,jerseys,M
FF100 FRANCE EXTERIEUR,SOCCER,KIPSTA,48,404,all,available,navy,child,jerseys,L
FF100 FRANCE EXTERIEUR,SOCCER,KIPSTA,67,1133,all,available,navy,child,jerseys,XL
FF100 FRANCE EXTERIEUR,SOCCER,KIPSTA,4,419,all,available,navy,child,jerseys,XXL
SURVÊTEMENT PUMA NOIR ET JAUNE ,GYMNASTIC,PUMA,22,640,all,available,black,child,gym suit,XS
SURVÊTEMENT PUMA NOIR ET JAUNE ,GYMNASTIC,PUMA,67,857,all,available,black,child,gym suit,S
SURVÊTEMENT PUMA NOIR ET JAUNE ,GYMNASTIC,PUMA,95,512,all,available,black,child,gym suit,M
SURVÊTEMENT PUMA NOIR ET JAUNE ,GYMNASTIC,PUMA,80,1018,all,available,black,child,gym suit,L
SURVÊTEMENT PUMA NOIR ET JAUNE ,GYMNASTIC,PUMA,0,829,all,sold_out,black,child,gym suit,XL
SURVÊTEMENT PUMA NOIR ET JAUNE ,GYMNASTIC,PUMA,23,825,all,available,black,child,gym suit,XXL
SURVÊTEMENT PUMA ,GYMNASTIC,PUMA,0,563,all,ordered,blue,child,gym suit,XS
SURVÊTEMENT PUMA ,GYMNASTIC,PUMA,83,878,all,available,blue,child,gym suit,S
SURVÊTEMENT PUMA ,GYMNASTIC,PUMA,0,802,store_only,sold_out,blue,child,gym suit,M
SURVÊTEMENT PUMA ,GYMNASTIC,PUMA,49,803,all,available,blue,child,gym suit,L
SURVÊTEMENT PUMA ,GYMNASTIC,PUMA,34,1104,all,available,blue,child,gym suit,XL
SURVÊTEMENT PUMA ,GYMNASTIC,PUMA,0,432,all,sold_out,blue,child,gym suit,XXL
SOUSVÊTEMENT HAUT KEEPDRY 500 MANCHES LONGUES FOOTBALL,SOCCER,KIPSTA,71,1062,all,available,black,child,gym suit top,XS
SOUSVÊTEMENT HAUT KEEPDRY 500 MANCHES LONGUES FOOTBALL,SOCCER,KIPSTA,70,751,all,available,black,child,gym suit top,S
SOUSVÊTEMENT HAUT KEEPDRY 500 MANCHES LONGUES FOOTBALL,SOCCER,KIPSTA,67,826,all,available,black,child,gym suit top,M
SOUSVÊTEMENT HAUT KEEPDRY 500 MANCHES LONGUES FOOTBALL,SOCCER,KIPSTA,85,863,all,available,black,child,gym suit top,L
SOUSVÊTEMENT HAUT KEEPDRY 500 MANCHES LONGUES FOOTBALL,SOCCER,KIPSTA,40,772,all,available,black,child,gym suit top,XL
SOUSVÊTEMENT HAUT KEEPDRY 500 MANCHES LONGUES FOOTBALL,SOCCER,KIPSTA,45,486,all,available,black,child,gym suit top,XXL
SURVÊTEMENT CHAUD 100 GARÇON GYM WARMY ZIP,GYMNASTIC,DOMYOS,53,923,all,available,blue,child,gym suit,XS
SURVÊTEMENT CHAUD 100 GARÇON GYM WARMY ZIP,GYMNASTIC,DOMYOS,3,821,store_only,available,blue,child,gym suit,S
SURVÊTEMENT CHAUD 100 GARÇON GYM WARMY ZIP,GYMNASTIC,DOMYOS,18,797,all,available,blue,child,gym suit,M
SURVÊTEMENT CHAUD 100 GARÇON GYM WARMY ZIP,GYMNASTIC,DOMYOS,66,995,all,available,blue,child,gym suit,L
SURVÊTEMENT CHAUD 100 GARÇON GYM WARMY ZIP,GYMNASTIC,DOMYOS,77,755,web_only,available,blue,child,gym suit,XL
SURVÊTEMENT CHAUD 100 GARÇON GYM WARMY ZIP,GYMNASTIC,DOMYOS,13,800,store_only,available,blue,child,gym suit,XXL
SHORT RESPIRANT W900 GARÇON GYM ,GYMNASTIC,DOMYOS,37,644,all,available,navy,child,short,XS
SHORT RESPIRANT W900 GARÇON GYM ,GYMNASTIC,DOMYOS,90,916,all,available,navy,child,short,S
SHORT RESPIRANT W900 GARÇON GYM ,GYMNASTIC,DOMYOS,79,1194,all,available,navy,child,short,M
SHORT RESPIRANT W900 GARÇON GYM ,GYMNASTIC,DOMYOS,8,609,all,available,navy,child,short,L
SHORT RESPIRANT W900 GARÇON GYM ,GYMNASTIC,DOMYOS,0,1163,all,sold_out,navy,child,short,XL
SHORT RESPIRANT W900 GARÇON GYM ,GYMNASTIC,DOMYOS,72,603,all,available,navy,child,short,XXL
,,,,,,,,,,
,,,,,,,,,,
,,,,,,,,,,
,,,,,,,,,,
,,,,,,,,,,
,,,,,,,,,,
,,,,,,,,,,
,,,,,,,,,,
,,,,,,,,,,
,,,,,,,,,,
,,,,,,,,,,
DOUDOUNE DE RANDONNÉE HYBRIDE  715 ANS,HIKING,QUECHUA,83,1106,store_only,available,grey,child,sports down jacket,XS
DOUDOUNE DE RANDONNÉE HYBRIDE  715 ANS,HIKING,QUECHUA,77,911,store_only,available,grey,child,sports down jacket,S
DOUDOUNE DE RANDONNÉE HYBRIDE  715 ANS,HIKING,QUECHUA,97,435,all,available,grey,child,sports down jacket,M
DOUDOUNE DE RANDONNÉE HYBRIDE  715 ANS,HIKING,QUECHUA,30,439,all,available,grey,child,sports down jacket,L
DOUDOUNE DE RANDONNÉE HYBRIDE  715 ANS,HIKING,QUECHUA,0,958,all,sold_out,grey,child,sports down jacket,XL
DOUDOUNE DE RANDONNÉE HYBRIDE  715 ANS,HIKING,QUECHUA,0,1080,all,sold_out,grey,child,sports down jacket,XXL
PANTALON DE RANDONNÉE MODULABLE MH500 715 ANS,HIKING,QUECHUA,3,1187,all,available,brown,child,pants,XS
PANTALON DE RANDONNÉE MODULABLE MH500 715 ANS,HIKING,QUECHUA,0,909,all,sold_out,brown,child,pants,S
PANTALON DE RANDONNÉE MODULABLE MH500 715 ANS,HIKING,QUECHUA,62,554,all,available,brown,child,pants,M
PANTALON DE RANDONNÉE MODULABLE MH500 715 ANS,HIKING,QUECHUA,60,1055,all,available,brown,child,pants,L
PANTALON DE RANDONNÉE MODULABLE MH500 715 ANS,HIKING,QUECHUA,7,1047,all,available,brown,child,pants,XL
PANTALON DE RANDONNÉE MODULABLE MH500 715 ANS,HIKING,QUECHUA,64,894,all,available,brown,child,pants,XXL
TEESHIRT REGULAR BOY BLANC PUMA,GYMNASTIC,PUMA,0,1174,all,ordered,white,child,short t-shirt,XS
TEESHIRT REGULAR BOY BLANC PUMA,GYMNASTIC,PUMA,98,410,all,available,white,child,short t-shirt,S
TEESHIRT REGULAR BOY BLANC PUMA,GYMNASTIC,PUMA,59,734,all,available,white,child,short t-shirt,M
TEESHIRT REGULAR BOY BLANC PUMA,GYMNASTIC,PUMA,22,793,all,available,white,child,short t-shirt,L
TEESHIRT REGULAR BOY BLANC PUMA,GYMNASTIC,PUMA,39,1043,all,available,white,child,short t-shirt,XL
TEESHIRT REGULAR BOY BLANC PUMA,GYMNASTIC,PUMA,85,518,all,available,white,child,short t-shirt,XXL
PANTALON ÉQUITATION 100 NOIR,HORSERIDING SPORT,FOUGANZA,93,426,all,available,black,child,horseriding pants,XS
PANTALON ÉQUITATION 100 NOIR,HORSERIDING SPORT,FOUGANZA,82,1181,all,available,black,child,horseriding pants,S
PANTALON ÉQUITATION 100 NOIR,HORSERIDING SPORT,FOUGANZA,0,724,all,ordered,black,child,horseriding pants,M
PANTALON ÉQUITATION 100 NOIR,HORSERIDING SPORT,FOUGANZA,57,919,web_only,available,black,child,horseriding pants,L
PANTALON ÉQUITATION 100 NOIR,HORSERIDING SPORT,FOUGANZA,88,980,all,available,black,child,horseriding pants,XL
PANTALON ÉQUITATION 100 NOIR,HORSERIDING SPORT,FOUGANZA,98,458,store_only,available,black,child,horseriding pants,XXL
TEE SHIRT ADIDAS LINEAR NOIR GARCON,GYMNASTIC,ADIDAS,0,931,all,sold_out,black,child,short t-shirt,XS
TEE SHIRT ADIDAS LINEAR NOIR GARCON,GYMNASTIC,ADIDAS,13,800,all,available,black,child,short t-shirt,S
TEE SHIRT ADIDAS LINEAR NOIR GARCON,GYMNASTIC,ADIDAS,92,437,all,available,black,child,short t-shirt,M
TEE SHIRT ADIDAS LINEAR NOIR GARCON,GYMNASTIC,ADIDAS,3,620,all,available,black,child,short t-shirt,L
TEE SHIRT ADIDAS LINEAR NOIR GARCON,GYMNASTIC,ADIDAS,9,644,all,available,black,child,short t-shirt,XL
TEE SHIRT ADIDAS LINEAR NOIR GARCON,GYMNASTIC,ADIDAS,32,954,all,available,black,child,short t-shirt,XXL
SHORT REGULAR BOY NOIR PUMA,GYMNASTIC,PUMA,99,1171,all,available,black,child,Short,XS
SHORT REGULAR BOY NOIR PUMA,GYMNASTIC,PUMA,98,498,all,available,black,child,Short,S
SHORT REGULAR BOY NOIR PUMA,GYMNASTIC,PUMA,38,748,all,available,black,child,Short,M
SHORT REGULAR BOY NOIR PUMA,GYMNASTIC,PUMA,58,1121,store_only,available,black,child,Short,L
SHORT REGULAR BOY NOIR PUMA,GYMNASTIC,PUMA,0,510,all,ordered,black,child,Short,XL
SHORT REGULAR BOY NOIR PUMA,GYMNASTIC,PUMA,90,1057,all,available,black,child,Short,XXL
TSHIRT REGULAR BOY BLEU ROYAL PUMA,GYMNASTIC,PUMA,3,488,all,available,blue,child,short t-shirt,XS
TSHIRT REGULAR BOY BLEU ROYAL PUMA,GYMNASTIC,PUMA,60,769,all,available,blue,child,short t-shirt,S
TSHIRT REGULAR BOY BLEU ROYAL PUMA,GYMNASTIC,PUMA,0,513,all,sold_out,blue,child,short t-shirt,M
TSHIRT REGULAR BOY BLEU ROYAL PUMA,GYMNASTIC,PUMA,16,836,web_only,available,blue,child,short t-shirt,L
TSHIRT REGULAR BOY BLEU ROYAL PUMA,GYMNASTIC,PUMA,16,692,all,available,blue,child,short t-shirt,XL
TSHIRT REGULAR BOY BLEU ROYAL PUMA,GYMNASTIC,PUMA,42,1092,all,available,blue,child,short t-shirt,XXL
SOUSVÊTEMENT HAUT KEEPDRY 100 MANCHE LONGUES FOOTBALL,SOCCER,KIPSTA,28,472,store_only,available,black,child,compression shirt,XS
SOUSVÊTEMENT HAUT KEEPDRY 100 MANCHE LONGUES FOOTBALL,SOCCER,KIPSTA,0,825,all,sold_out,black,child,compression shirt,S
SOUSVÊTEMENT HAUT KEEPDRY 100 MANCHE LONGUES FOOTBALL,SOCCER,KIPSTA,24,435,all,available,black,child,compression shirt,M
SOUSVÊTEMENT HAUT KEEPDRY 100 MANCHE LONGUES FOOTBALL,SOCCER,KIPSTA,49,651,all,available,black,child,compression shirt,L
SOUSVÊTEMENT HAUT KEEPDRY 100 MANCHE LONGUES FOOTBALL,SOCCER,KIPSTA,0,820,store_only,sold_out,black,child,compression shirt,XL
SOUSVÊTEMENT HAUT KEEPDRY 100 MANCHE LONGUES FOOTBALL,SOCCER,KIPSTA,24,655,all,available,black,child,compression shirt,XXL
POLO MANCHES COURTES ÉQUITATION FILLE 100 GRIS CHINÉ MOTIF,HORSERIDING SPORT,FOUGANZA,16,837,all,available,blue,child,short polo,XS
POLO MANCHES COURTES ÉQUITATION FILLE 100 GRIS CHINÉ MOTIF,HORSERIDING SPORT,FOUGANZA,63,553,all,available,blue,child,short polo,S
POLO MANCHES COURTES ÉQUITATION FILLE 100 GRIS CHINÉ MOTIF,HORSERIDING SPORT,FOUGANZA,21,1069,all,available,blue,child,short polo,M
POLO MANCHES COURTES ÉQUITATION FILLE 100 GRIS CHINÉ MOTIF,HORSERIDING SPORT,FOUGANZA,83,563,store_only,available,blue,child,short polo,L
POLO MANCHES COURTES ÉQUITATION FILLE 100 GRIS CHINÉ MOTIF,HORSERIDING SPORT,FOUGANZA,0,852,all,sold_out,blue,child,short polo,XL
POLO MANCHES COURTES ÉQUITATION FILLE 100 GRIS CHINÉ MOTIF,HORSERIDING SPORT,FOUGANZA,81,786,all,available,blue,child,short polo,XXL
SURVÊTEMENT S500 ROSE ET ,GYMNASTIC,DOMYOS,95,1169,web_only,available,navy,child,gym suit,XS
SURVÊTEMENT S500 ROSE ET ,GYMNASTIC,DOMYOS,56,440,all,available,navy,child,gym suit,S
SURVÊTEMENT S500 ROSE ET ,GYMNASTIC,DOMYOS,10,1193,all,available,navy,child,gym suit,M
SURVÊTEMENT S500 ROSE ET ,GYMNASTIC,DOMYOS,0,461,all,ordered,navy,child,gym suit,L
SURVÊTEMENT S500 ROSE ET ,GYMNASTIC,DOMYOS,46,662,all,available,navy,child,gym suit,XL
SURVÊTEMENT S500 ROSE ET ,GYMNASTIC,DOMYOS,87,758,all,available,navy,child,gym suit,XXL
TSHIRT BASIQUE ,GYMNASTIC,DOMYOS,9,584,all,available,white,child,short t-shirt,XS
TSHIRT BASIQUE ,GYMNASTIC,DOMYOS,0,432,all,sold_out,white,child,short t-shirt,S
,,,,,,,,,,
,,,,,,,,,,
,,,,,,,,,,
,,,,,,,,,,
,,,,,,,,,,
,,,,,,,,,,
,,,,,,,,,,
,,,,,,,,,,
,,,,,,,,,,
,,,,,,,,,,
,,,,,,,,,,
,,,,,,,,,,
,,,,,,,,,,
TSHIRT BASIQUE ,GYMNASTIC,DOMYOS,41,526,all,available,white,child,short t-shirt,M
TSHIRT BASIQUE ,GYMNASTIC,DOMYOS,29,1149,store_only,available,white,child,short t-shirt,L
TSHIRT BASIQUE ,GYMNASTIC,DOMYOS,50,484,store_only,available,white,child,short t-shirt,XL
TSHIRT BASIQUE ,GYMNASTIC,DOMYOS,54,520,all,available,white,child,short t-shirt,XXL
BRASSIÈRE RESPIRANTE NOIRE FILLE,GYMNASTIC,DOMYOS,54,843,all,available,black,child,sport bra,XS
BRASSIÈRE RESPIRANTE NOIRE FILLE,GYMNASTIC,DOMYOS,0,521,all,sold_out,black,child,sport bra,S
BRASSIÈRE RESPIRANTE NOIRE FILLE,GYMNASTIC,DOMYOS,99,666,all,available,black,child,sport bra,M
BRASSIÈRE RESPIRANTE NOIRE FILLE,GYMNASTIC,DOMYOS,13,681,all,available,black,child,sport bra,L
BRASSIÈRE RESPIRANTE NOIRE FILLE,GYMNASTIC,DOMYOS,0,644,all,sold_out,black,child,sport bra,XL
BRASSIÈRE RESPIRANTE NOIRE FILLE,GYMNASTIC,DOMYOS,20,502,store_only,available,black,child,sport bra,XXL
LEGGING CHAUD RESPIRANT NOIR FILLE,GYMNASTIC,DOMYOS,11,517,all,available,black,child,Legging,XS
LEGGING CHAUD RESPIRANT NOIR FILLE,GYMNASTIC,DOMYOS,88,457,all,available,black,child,Legging,S
LEGGING CHAUD RESPIRANT NOIR FILLE,GYMNASTIC,DOMYOS,9,525,all,available,black,child,Legging,M
LEGGING CHAUD RESPIRANT NOIR FILLE,GYMNASTIC,DOMYOS,84,446,all,available,black,child,Legging,L
LEGGING CHAUD RESPIRANT NOIR FILLE,GYMNASTIC,DOMYOS,8,853,all,available,black,child,Legging,XL
LEGGING CHAUD RESPIRANT NOIR FILLE,GYMNASTIC,DOMYOS,10,486,all,available,black,child,Legging,XXL
PANTALON ÉQUITATION 120 MARINE ET,HORSERIDING SPORT,FOUGANZA,57,598,all,available,navy,child,horseriding pants,XS
PANTALON ÉQUITATION 120 MARINE ET,HORSERIDING SPORT,FOUGANZA,51,953,store_only,available,navy,child,horseriding pants,S
PANTALON ÉQUITATION 120 MARINE ET,HORSERIDING SPORT,FOUGANZA,0,911,all,ordered,navy,child,horseriding pants,M
PANTALON ÉQUITATION 120 MARINE ET,HORSERIDING SPORT,FOUGANZA,79,863,all,available,navy,child,horseriding pants,L
PANTALON ÉQUITATION 120 MARINE ET,HORSERIDING SPORT,FOUGANZA,8,535,all,available,navy,child,horseriding pants,XL
PANTALON ÉQUITATION 120 MARINE ET,HORSERIDING SPORT,FOUGANZA,71,535,store_only,available,navy,child,horseriding pants,XXL
