p_name,sport,brand,quantity,price_id,p_availability,state_stock,color
BANDE ELASTIQUE PILATES BAND CAOUTCHOUC 2KG/4Lbs FAIBLE RESISTANCE BLEU,"PILATES, GYM DOUCE",NYAMBA,63,369,all,available,blue
Tapis de sol fitness Tonemat S vert 160cmx60cmx7mm,"PILATES, GYM DOUCE",NYAMBA,72,220,all,available,blue
"TAPIS DE SOL FITNESS 140cmx50cmx6,5mm","PILATES, GYM DOUCE",NYAMBA,27,201,all,available,black
Gilet lesté de musculation et cross training 10 kg,MUSCULATION,DOMYOS,13,280,all,available,black
TAPIS DE SOL RESISTANT CHAUSSURES & PLIABLE 160cmx60cmx7mm,"PILATES, GYM DOUCE",NYAMBA,0,320,all,sold_out,blue
TAPIS DE SOL CONFORT FITNESS 180cmx63cmx15mm,"PILATES, GYM DOUCE",NYAMBA,0,251,store_only,ordered,grey
POMPE À PIED POUR LE CAMPING - RECOMMANDÉE POUR LES MATELAS GONFLABLES,RANDONNEE NATURE,QUECHUA,16,250,store_only,available,black
POMPE À MAIN DOUBLE ACTION 4 L - RECOMMANDÉE POUR LES MATELAS GONFLABLES,RANDONNEE NATURE,QUECHUA,9,299,all,available,blue
Bâche de précision de football pour SG 500 L et Basic goal taille L 3x2m grise,SOCCER,KIPSTA,46,211,all,available,black
"Bâche de précision de football pour SG 500 taille M 1,8m x 1,20m",SOCCER,KIPSTA,62,317,all,available,black
ballon de football uhlsport Elysia ProLigue Ligue 1,SOCCER,UHLSPORT,19,230,web_only,available,white
Ballon de football en mousse Ballground 500 T4 jaune et noir,SOCCER,KIPSTA,86,364,all,available,yellow
,,,,,,,
,,,,,,,
,,,,,,,
,,,,,,,
,,,,,,,
,,,,,,,
Ballon de football France 2020 taille 5 bleu blanc rouge,SOCCER,KIPSTA,90,394,store_only,available,blue
Ballon Adidas UNIFORIA Top Capitano EURO 2020,SOCCER,ADIDAS,65,388,store_only,available,white
Ballon de football France 2020 T1,SOCCER,KIPSTA,62,301,store_only,available,blue
Ballon Adidas TOP Replique Euro 2020,SOCCER,ADIDAS,11,251,all,available,white
Ballon de Basketball GG6X taille 6 MOLTEN,BASKETBALL,MOLTEN,0,388,all,ordered,orange
Ballon de Basket Spalding NBA Triple Double,BASKETBALL,SPALDING,78,250,all,available,brown
Mini ballon de basketball enfant Mini B taille 1. Jusqu'à 4 ans.,BASKETBALL,TARMAK,69,258,all,available,yellow
Ballon de football américain NFL FORCE taille officielle adulte marron,"FOOTBALL, LACROSSE",WILSON,73,254,all,available,brown
Ballon de football F500 Hybride light taille 5,SOCCER,KIPSTA,28,394,all,available,red
Ballon de basket adulte R900 taille 7 red black. Résistante et ultra agrippant.,BASKETBALL,TARMAK,4,201,all,available,black
Ballon de football Ballground 100,SOCCER,KIPSTA,78,398,all,available,red
Ballon de football Softball XLight taille 5 290 grammes bleu,SOCCER,KIPSTA,95,280,all,available,blue
Ballon de basket BT100 de taille 7 orange pour les hommes à partir de 13 ans .,BASKETBALL,TARMAK,50,244,all,available,brown
Ballon de Basketball Replica NCAA,BASKETBALL,WILSON,71,304,all,available,brown
Ballon de rugby INITIATION taille 3 jaune,RUGBY,OFFLOAD,98,215,all,available,yellow
Ballon de basketball TF 1000 EUROLEAGUE SPALDING taille 7 pour garçon et adulte,BASKETBALL,SPALDING,39,322,all,available,black
BALLON DE FOOTBALL HYBRIDE GRAPHIC BALL LIGHT TAILLE 5 DIABOLIK,SOCCER,KIPSTA,18,333,all,available,green
Ballon de football TOP REPLIQUE Ligue des champions ADIDAS 20/21,SOCCER,ADIDAS,84,257,all,available,white
Ballon de basket K500 Bleu pour enfant basketteur débutant jusqu'a 6 ans.,BASKETBALL,TARMAK,19,212,web_only,available,blue
Ballon de rugby supporter replica Coupe du monde Japon 2019 taille 5,RUGBY,GILBERT,57,255,store_only,available,white
Montre chronomètre de course à pied W200 S rose et corail,RUNNING ROUTE,KALENJI,72,219,all,available,black
Montre chronomètre de course à pied homme W500+ M noire,RUNNING ROUTE,KALENJI,0,348,all,ordered,black
Montre chronomètre de course à pied W200 M noire,RUNNING ROUTE,KALENJI,51,382,all,available,black
MONTRE A400 NOIRE,RUNNING ROUTE,NEWFEEL,0,349,store_only,ordered,black
,,,,,,,
,,,,,,,
,,,,,,,
,,,,,,,
Montre chronomètre de course à pied W500 M noire écran reverse,RUNNING ROUTE,KALENJI,54,285,all,available,black
Montre chronomètre de course à pied ATW100 noire,RUNNING ROUTE,KALENJI,37,265,all,available,black
Montre chronomètre de course à pied homme W900 noire écran reverse,RUNNING ROUTE,KALENJI,8,228,all,available,black
"Bracelet montre compatible W500, W700 et W900",RUNNING ROUTE,KALENJI,0,357,all,sold_out,black
Montre sport analogique femme et junior A300 S SWIP blanche,RUNNING ROUTE,KALENJI,33,287,all,available,red
Chronomètre ONSTART 110,ATHLETISME,KALENJI,18,299,all,available,black
Montre chronomètre de course à pied femme W500 S NOIRE,RUNNING ROUTE,KALENJI,37,311,all,available,black
Montre chronomètre antichoc de course à pied homme W700xc M,RUNNING ROUTE,KALENJI,84,339,all,available,black
Chronomètre sport ONstart 310 noir orange,ATHLETISME,KALENJI,64,333,all,available,black
BASE CHRONOMÈTRE D'ATHLÉTISME KICK & RUN,ATHLETISME,KALENJI,95,389,all,available,black
Bracelet montre compatible W500s et A300s,RUNNING ROUTE,KALENJI,83,227,all,available,black
Chronomètre ONstart 710 noir,ATHLETISME,KALENJI,20,217,all,available,black
Volant Plume De Badminton FSC 560 X 12 Vitesse 78,BADMINTON,PERFLY,77,295,all,available,white
Volant De Badminton Extérieur PSC 130 X 3 - blanc/jaune /orange,BADMINTON,PERFLY,42,332,all,available,multicolored
Volant De Badminton En Plastique PSC 100 X 3 - Blanc/Gris/Orange,BADMINTON,PERFLY,63,243,all,available,multicolored
VOLANT DE BADMINTON EN PLASTIQUE YONEX MAVIS 600 x 6 - BLANC,BADMINTON,YONEX,39,398,store_only,available,white
Volant plume De Badminton FSC 930 X 12 Vitesse 77,BADMINTON,PERFLY,39,333,all,available,white
VOLANT DE BADMINTON EN PLASTIQUE YONEX MAVIS 300 x 6 - BLANC,BADMINTON,YONEX,90,311,all,available,white
Volant De Badminton En Plastique PSC 900 x 6,BADMINTON,PERFLY,76,248,all,available,white
Volant Hybride De Badminton FSC 500 x 12 Vitesse 77,BADMINTON,PERFLY,0,326,all,ordered,white
VOLANT DE BADMINTON EN PLASTIQUE YONEX MAVIS 2000 x 6 - BLANC,BADMINTON,YONEX,94,351,all,available,white
Volant De Badminton En Plastique PSC 100 x 1,BADMINTON,PERFLY,0,374,web_only,ordered,yellow
VOLANTS DE SPEEDMINTON SPEEDERS ROUGE ET JAUNE LOT DE 3,BADMINTON,SPEEDMINTON,15,245,all,available,multicolored
Volant Plume de badminton FSC 560 X 12 Vitesse 77,BADMINTON,PERFLY,37,276,all,available,white
Boite de volant loisir de Badminton Magic Night lumineux,BADMINTON,TALBOT TORRO,29,284,all,available,yellow
Volant plume de Badminton YONEX LEAGUE 7,BADMINTON,YONEX,76,328,all,available,white
,,,,,,,
,,,,,,,
,,,,,,,
,,,,,,,
,,,,,,,
,,,,,,,
,,,,,,,
,,,,,,,
Lot De 12 Volants De Badminton Plumes FSC 930 Vitesse 78,BADMINTON,PERFLY,21,333,store_only,available,white
Volant plume De Badminton FSC 960 X 12 Vitesse 77,BADMINTON,PERFLY,12,204,all,available,white
VOLANT PLUME DE BADMINTON YONEX AEROSENSA 30 X 12 VITESSE 77,BADMINTON,YONEX,19,275,all,available,white
Volant plume De Badminton FSC 990 X 12 Vitesse 78,BADMINTON,PERFLY,17,381,store_only,available,white
Volant plume De Badminton FSC 960 X 12 Vitesse 78,BADMINTON,PERFLY,32,258,all,available,white
Volant plume De Badminton FSC 990 X 12 Vitesse 77,BADMINTON,PERFLY,23,350,all,available,white
GANTS DE BOXE EVERLAST POWERLOCK NOIR/OR,BOXES,EVERLAST,89,267,store_only,available,gold
GANTS DE SAC DE FRAPPE 900 PRO BOXING NOIR/ARGENT,BOXES,OUTSHOCK,74,329,web_only,available,silver
GANTS DE BOXE 100 JR ROUGES,BOXES,OUTSHOCK,20,217,store_only,available,red
"KIT DE BOXE DEBUTANT: GANTS, BANDES, PROTEGE-DENTS",BOXES,ADIDAS,71,359,all,available,black
"GANTS DE BOXE 120 BLEUS, GANTS D'ENTRAINEMENT",BOXES,OUTSHOCK,31,243,all,available,navy
GANTS DE BOXE 100 JR ROUGES,BOXES,OUTSHOCK,38,361,all,available,red
GANTS DE BOXE EVERLAST POWERLOCK NOIR/OR,BOXES,EVERLAST,0,206,all,ordered,gold
"GANTS DE BOXE 120 BLEUS, GANTS D'ENTRAINEMENT",BOXES,OUTSHOCK,47,380,all,available,white
GANTS MUAY-THAÏ CUIR 500 BLANC/ARGENT,BOXES,OUTSHOCK,82,313,all,available,white
GANTS DE BOXE 100 ROUGES DEBUTANT,BOXES,OUTSHOCK,57,398,all,available,red
GANTS DE BOXE 500 ERGO,BOXES,OUTSHOCK,0,376,store_only,sold_out,bronze
GANTS DE KICK-BOXING 500 NOIRS,BOXES,OUTSHOCK,64,359,all,available,silver
GANTS DE BOXE 500 ERGO,BOXES,OUTSHOCK,0,211,all,ordered,white
,,,,,,,
,,,,,,,
,,,,,,,
,,,,,,,
,,,,,,,
,,,,,,,
,,,,,,,
GANTS DE SAC DE FRAPPE 900 PRO BOXING NOIR/ARGENT,BOXES,OUTSHOCK,45,251,all,available,silver
GANTS DE BOXE 900 NOIRS SPARRING,BOXES,OUTSHOCK,0,260,store_only,ordered,navy
"GANTS DE BOXE 120 BLEUS, GANTS D'ENTRAINEMENT",BOXES,OUTSHOCK,0,294,all,sold_out,blue
"GANTS DE BOXE 120 BLEUS, GANTS D'ENTRAINEMENT",BOXES,OUTSHOCK,23,313,all,available,navy
Sécheur de gants de boxe avec ventilateur intégré,BOXES,OUTSHOCK,17,257,all,available,black
SÉCHEURS DE GANTS DE BOXE,BOXES,OUTSHOCK,33,311,all,available,orange
GANTS DE BOXE HYBRID EXPERT 65 MAYA,BOXES,ADIDAS,30,363,store_only,available,black
Gants de boxe KPOWER 100 confirmés noirs,BOXES,ADIDAS,16,278,all,available,black
